id;subscription_contract_id;last_updated;tag_model_json;first_time_order_tags
1;49112;2023-09-28T12:29:01;../fake-data/blob/hipster.txt;Producer initiatives interface
2;25185;2023-09-27T18:01:26;../fake-data/blob/hipster.txt;relationships Home Loan Account system-worthy
3;4417;2023-09-28T01:16:40;../fake-data/blob/hipster.txt;Regional Row
4;44754;2023-09-28T13:43:47;../fake-data/blob/hipster.txt;overriding
5;61148;2023-09-28T03:24:25;../fake-data/blob/hipster.txt;target Brook
6;31157;2023-09-28T04:39:08;../fake-data/blob/hipster.txt;Sleek Metal Sausages open-source Face to face
7;46056;2023-09-27T17:20:36;../fake-data/blob/hipster.txt;JSON
8;12127;2023-09-28T13:21:53;../fake-data/blob/hipster.txt;Dynamic
9;66146;2023-09-28T07:39:29;../fake-data/blob/hipster.txt;Buckinghamshire Delaware withdrawal
10;40515;2023-09-28T02:40:39;../fake-data/blob/hipster.txt;teal sensor
