id;shop;dynamic_script
1;Riel Knolls;../fake-data/blob/hipster.txt
2;Credit Card Account bluetooth;../fake-data/blob/hipster.txt
3;Handcrafted Soft Towels programming;../fake-data/blob/hipster.txt
4;1080p;../fake-data/blob/hipster.txt
5;maximized;../fake-data/blob/hipster.txt
6;incremental New York;../fake-data/blob/hipster.txt
7;revolutionary;../fake-data/blob/hipster.txt
8;Maine program payment;../fake-data/blob/hipster.txt
9;back up connect AGP;../fake-data/blob/hipster.txt
10;black navigating tangible;../fake-data/blob/hipster.txt
