id;shop;selling_plan_id;tags
1;enable;Rustic;connecting
2;copying Massachusetts Sleek Frozen Chicken;system Malawi Ecuador;core Interactions Ways
3;Generic;Coordinator;invoice revolutionize
4;silver;Bedfordshire payment initiatives;action-items
5;Small lime foreground;Customer homogeneous;black Graphical User Interface
6;didactic directional;e-commerce Sports;upward-trending platforms SSL
7;proactive;index;knowledge user Borders withdrawal
8;even-keeled redefine;Trafficway;Representative portals Madagascar
9;circuit AGP overriding;world-class Customizable;calculating
10;Integration functionalities Gorgeous;Assurance Missouri Wooden;Burundi Franc bypass California
