id;shop;order_id;lines_json
1;customer loyalty;56392;../fake-data/blob/hipster.txt
2;monitor Jewelery morph;81614;../fake-data/blob/hipster.txt
3;Rustic SSL synergies;86123;../fake-data/blob/hipster.txt
4;Home Loan Account hacking Tuna;80833;../fake-data/blob/hipster.txt
5;California;4508;../fake-data/blob/hipster.txt
6;Paraguay sexy;77985;../fake-data/blob/hipster.txt
7;Forward 4th generation;44003;../fake-data/blob/hipster.txt
8;PNG Automotive;69515;../fake-data/blob/hipster.txt
9;International Investor;15249;../fake-data/blob/hipster.txt
10;secured line application transmit;45217;../fake-data/blob/hipster.txt
